# iTransformer pred_len sweep, test, 气温通道 (from terminal summary 2026-04-28)
48,1.370049,3.760047
72,1.578696,4.594125
168,1.885164,6.487474
192,2.049172,7.630030
