# pred_len, simdiff_mae, simdiff_mse, itrans_mae, itrans_mse  (weather test, T degC)
48,0.512093,0.588631,1.370049,3.760047
72,0.654007,0.916522,1.578696,4.594125
168,1.043893,2.190638,1.885164,6.487474
192,1.120749,2.521685,2.049172,7.630030
